no,class,longest
0,malware,94
1,malware,97
2,malware,67
3,malware,21
4,malware,51
5,malware,1574
6,malware,27
7,malware,88
8,malware,5174
9,malware,4119
10,malware,509
11,malware,132
12,malware,97
13,malware,93
14,malware,85
15,malware,165
16,malware,57
17,malware,64
18,malware,119
19,malware,124
20,malware,98
21,malware,112
22,malware,141
23,malware,92
24,malware,372
25,malware,357
26,malware,579
27,malware,91
28,malware,999
29,malware,144
30,malware,195
31,malware,94
32,malware,107
33,malware,27
34,malware,360
35,malware,483
36,malware,152
37,malware,162
38,malware,437
39,malware,178
40,malware,38
41,malware,9393
42,malware,71833
43,malware,175
44,malware,63593
45,malware,344
46,malware,61
47,malware,193
48,malware,11590
49,malware,109312
50,malware,87
51,malware,360
52,malware,566
53,malware,1153
54,malware,102
55,malware,28
56,malware,2923
57,malware,1241
58,malware,493
59,malware,24590
60,malware,217
61,malware,483
62,malware,6637
63,malware,138
64,malware,82
65,malware,35949
66,malware,188
67,malware,251
68,malware,2056
69,malware,181
70,malware,123
71,malware,2898
72,malware,144
73,malware,134
74,malware,635
75,malware,107
76,malware,90
77,malware,152972
78,malware,142
79,malware,16272
80,malware,786
81,malware,324
82,malware,7567
83,malware,298712
84,malware,424
85,malware,113
86,malware,252
87,malware,74
88,malware,2933
89,malware,94
90,malware,101
91,malware,109
92,malware,205
93,malware,118
94,malware,105
95,malware,234
96,malware,1244
97,malware,113113
98,malware,3598
99,malware,2794
100,malware,1265
101,malware,142
102,malware,123
103,malware,2291
104,malware,124
105,malware,419
106,malware,77
107,malware,98
108,malware,35949
109,malware,67
110,malware,106
111,malware,227759
112,malware,144
113,malware,93
114,malware,51
115,malware,102
116,malware,41
117,malware,117
118,malware,65860
119,malware,5860
120,malware,558
121,malware,114302
122,malware,168
123,malware,89945
124,malware,53
125,malware,107
126,malware,1241
127,malware,211
128,malware,360
129,malware,39950
130,malware,25792
131,malware,3917
132,malware,460
133,malware,36643
134,malware,144
135,malware,144
136,malware,107
137,malware,227
138,malware,493
139,malware,62568
140,malware,100
141,malware,120
142,malware,38092
143,malware,566
144,malware,145
145,malware,28
146,malware,92
147,malware,33
148,malware,1134
149,malware,46
150,malware,9101
151,malware,1520
152,malware,119
153,malware,12749
154,malware,32
155,malware,57
156,malware,216478
157,malware,102
158,malware,74
159,malware,18186
160,malware,73
161,malware,192795
162,malware,23716
163,malware,120218
164,malware,88
165,malware,54
166,malware,7567
167,malware,88
168,malware,156
169,malware,137
170,malware,600
171,malware,39950
172,malware,3700
173,malware,121
174,malware,177336
175,malware,24590
176,malware,52560
177,malware,73
178,malware,63753
179,malware,616
180,malware,15255
181,malware,389
182,malware,115
183,malware,47264
184,malware,94754
185,malware,123
186,malware,244
187,malware,1048
188,malware,98
189,malware,207
190,malware,3544
191,malware,5860
192,malware,8741
193,malware,402
194,malware,11592
195,malware,452
196,malware,58
197,malware,229
198,malware,424
199,malware,87
200,malware,54
201,malware,25208
202,malware,123
203,malware,142
204,malware,39949
205,malware,1046
206,malware,3544
207,malware,122
208,malware,398410
209,malware,124
210,malware,600
211,malware,368
212,malware,98
213,malware,19
214,malware,194925
215,malware,252
216,malware,47
217,malware,426
218,malware,92
219,malware,57
220,malware,51
221,malware,2221
222,malware,39
223,malware,55
224,malware,12014
225,malware,194
226,malware,298709
227,malware,66
228,malware,38179
229,malware,31484
230,malware,64680
231,malware,311
232,malware,48
233,malware,2108
234,malware,117
235,malware,999
236,malware,32
237,malware,100
238,malware,119
239,malware,134395
240,malware,86277
241,malware,304
242,malware,88
243,malware,57387
244,malware,112
245,malware,292308
246,malware,1316
247,malware,44
248,malware,89
249,malware,93
250,malware,20
251,malware,961
252,malware,92
253,malware,57
254,malware,541
255,malware,27
256,malware,638
257,malware,117
258,malware,889
259,malware,1191
260,malware,73
261,malware,109
262,malware,92
263,malware,32
264,malware,62550
265,malware,240
266,malware,10631
267,malware,545
268,malware,101
269,malware,3050
270,malware,2256
271,malware,110605
272,malware,105
273,malware,786
274,malware,5858
275,malware,39950
276,malware,118
277,malware,40329
278,malware,56
279,malware,483
280,malware,138
281,malware,176
282,malware,350
283,malware,24
284,malware,88067
285,malware,79
286,malware,81
287,malware,460
288,malware,67
289,malware,39950
290,malware,243
291,malware,39950
292,malware,566
293,malware,15452
294,malware,5231
295,malware,181
296,malware,8886
297,malware,1332
298,malware,49
299,malware,99
300,malware,160
301,malware,339
302,malware,100578
303,malware,151
304,malware,84019
305,malware,50260
306,malware,8887
307,malware,67
308,malware,1001
309,malware,136
310,malware,890
311,malware,232
312,malware,136
313,malware,3145
314,malware,3745
315,malware,234
316,malware,389
317,malware,77
318,malware,109371
319,malware,64
320,malware,2122
321,malware,2534
322,malware,786
323,malware,49573
324,malware,89
325,malware,50
326,malware,13269
327,malware,114
328,malware,48455
329,malware,34232
330,malware,116
331,malware,30
332,malware,60
333,malware,267418
334,malware,3304
335,malware,486
336,malware,48
337,malware,93
338,malware,25140
339,malware,2290
340,malware,44224
341,malware,24
342,malware,115
343,malware,122
344,malware,32
345,malware,68
346,malware,112
347,malware,95
348,malware,229
349,malware,909
350,malware,139
351,malware,122
352,malware,44224
353,malware,77211
354,malware,3000
355,malware,854
356,malware,1015
357,malware,1202
358,malware,107
359,malware,109904
360,malware,190
361,malware,47
362,malware,158
363,malware,79
364,malware,928
365,malware,350
366,malware,429
367,malware,119
368,malware,55438
369,malware,124
370,malware,144
371,malware,1604
372,malware,582
373,malware,2658
374,malware,163
375,malware,3050
376,malware,93
377,malware,331
378,malware,24891
379,malware,20368
380,malware,1494
381,malware,62999
382,malware,585
383,malware,373115
384,malware,113
385,malware,142980
386,malware,249
387,malware,75
388,malware,493
389,malware,130
390,malware,453
391,malware,541
392,malware,44224
393,malware,68
394,malware,20
395,malware,554
396,malware,4395
397,malware,24590
398,malware,459
399,malware,79
400,malware,186
401,malware,88
402,malware,416
403,malware,786
404,malware,24590
405,malware,208496
406,malware,54
407,malware,854
408,malware,71
409,malware,63593
410,malware,4188
411,malware,24
412,malware,1571
413,malware,96
414,malware,135
415,malware,786
416,malware,1532
417,malware,58888
418,malware,92
419,malware,923
420,malware,600
421,malware,52560
422,malware,992
423,malware,1073
424,malware,54
425,malware,101
426,malware,598
427,malware,100
428,malware,39950
429,malware,39950
430,malware,79
431,malware,51
432,malware,7567
433,malware,139
434,malware,92
435,malware,56
436,malware,120
437,malware,1926
438,malware,134395
439,malware,1173
440,malware,60
441,malware,311
442,malware,98
443,malware,98
444,malware,97
445,malware,105
446,malware,4633
447,malware,161
448,malware,354
449,malware,29
450,malware,561
451,malware,60
452,malware,1300
453,malware,112
454,malware,91741
455,malware,8972
456,malware,116
457,malware,3000
458,malware,5860
459,malware,102
460,malware,124
461,malware,313
462,malware,493
463,malware,54
464,malware,54
465,malware,126
466,malware,122
467,malware,440
468,malware,34
469,malware,18294
470,malware,29145
471,malware,1025
472,malware,123
473,malware,459
474,malware,541
475,malware,99
476,malware,6637
477,malware,142
478,malware,99340
479,malware,8886
480,malware,20
481,malware,43991
482,malware,39954
483,malware,105
484,malware,11590
485,malware,90
486,malware,93128
487,malware,130
488,malware,786
489,malware,2056
490,malware,90099
491,malware,120218
492,malware,79
493,malware,5860
494,malware,379
495,malware,381
496,malware,483
497,malware,1256
498,malware,129
499,malware,134
500,benign,120
501,benign,3186
502,benign,169
503,benign,111
504,benign,5525
505,benign,109
506,benign,144
507,benign,155
508,benign,4302
509,benign,137
510,benign,216
511,benign,126
512,benign,191
513,benign,161
514,benign,212
515,benign,119
516,benign,217
517,benign,231
518,benign,278
519,benign,125
520,benign,117
521,benign,84
522,benign,244
523,benign,112
524,benign,92
525,benign,131
526,benign,362
527,benign,222
528,benign,230
529,benign,99
530,benign,282
531,benign,76
532,benign,272
533,benign,215
534,benign,75
535,benign,98
536,benign,140
537,benign,269
538,benign,134
539,benign,189
540,benign,102
541,benign,107
542,benign,198
543,benign,129
544,benign,51
545,benign,155
546,benign,205
547,benign,330
548,benign,242
549,benign,75
550,benign,249
551,benign,199
552,benign,37
553,benign,144
554,benign,155
555,benign,196
556,benign,143
557,benign,75
558,benign,136
559,benign,149
560,benign,132
561,benign,3186
562,benign,3186
563,benign,252
564,benign,183
565,benign,219
566,benign,86
567,benign,1531
568,benign,278
569,benign,142
570,benign,227
571,benign,114
572,benign,157
573,benign,86
574,benign,77
575,benign,72
576,benign,199
577,benign,188
578,benign,112
579,benign,181
580,benign,263
581,benign,96
582,benign,179
583,benign,136
584,benign,282
585,benign,300
586,benign,115
587,benign,180
588,benign,126
589,benign,144
590,benign,75
591,benign,128
592,benign,139
593,benign,82
594,benign,108
595,benign,82
596,benign,31
597,benign,183
598,benign,119
599,benign,403
600,benign,173
601,benign,173
602,benign,236
603,benign,139
604,benign,76
605,benign,50
606,benign,179
607,benign,288
608,benign,90
609,benign,275
610,benign,139
611,benign,3186
612,benign,290
613,benign,162
614,benign,60
615,benign,75
616,benign,132
617,benign,149
618,benign,138
619,benign,134
620,benign,222
621,benign,89
622,benign,170
623,benign,180
624,benign,144
625,benign,3186
626,benign,127
627,benign,166
628,benign,82
629,benign,259
630,benign,163
631,benign,96
632,benign,204
633,benign,86
634,benign,111
635,benign,122
636,benign,102
637,benign,77
638,benign,75
639,benign,3186
640,benign,121
641,benign,3186
642,benign,3186
643,benign,297
644,benign,95
645,benign,120
646,benign,188
647,benign,157
648,benign,136
649,benign,144
650,benign,91
651,benign,418
652,benign,167
653,benign,84
654,benign,122
655,benign,145
656,benign,129
657,benign,224
658,benign,3186
659,benign,159
660,benign,250
661,benign,137
662,benign,122
663,benign,3186
664,benign,117
665,benign,97
666,benign,77
667,benign,96
668,benign,154
669,benign,190
670,benign,120
671,benign,140
672,benign,241
673,benign,132
674,benign,109
675,benign,208
676,benign,135
677,benign,111
678,benign,101
679,benign,3186
680,benign,132
681,benign,133
682,benign,270
683,benign,77
684,benign,70
685,benign,75
686,benign,4044
687,benign,164
688,benign,243
689,benign,174
690,benign,393
691,benign,137
692,benign,143
693,benign,147
694,benign,877
695,benign,129
696,benign,113
697,benign,101
698,benign,201
699,benign,132
700,benign,201
701,benign,206
702,benign,169
703,benign,111
704,benign,3186
705,benign,169
706,benign,172
707,benign,93
708,benign,699
709,benign,173
710,benign,135
711,benign,126
712,benign,99
713,benign,138
714,benign,4090
715,benign,226
716,benign,138
717,benign,357
718,benign,3186
719,benign,420
720,benign,136
721,benign,154
722,benign,131
723,benign,162
724,benign,146
725,benign,75
726,benign,316
727,benign,110
728,benign,170
729,benign,126
730,benign,121
731,benign,117
732,benign,452
733,benign,988
734,benign,3186
735,benign,134
736,benign,3186
737,benign,114
738,benign,115
739,benign,122
740,benign,146
741,benign,97
742,benign,125
743,benign,71
744,benign,500
745,benign,567
746,benign,101
747,benign,109
748,benign,105
749,benign,101
750,benign,198
751,benign,3186
752,benign,149
753,benign,85
754,benign,145
755,benign,89
756,benign,150
757,benign,186
758,benign,79
759,benign,187
760,benign,116
761,benign,104
762,benign,119
763,benign,137
764,benign,1342
765,benign,137
766,benign,167
767,benign,115
768,benign,106
769,benign,97
770,benign,110
771,benign,111
772,benign,134
773,benign,229
774,benign,90
775,benign,166
776,benign,189
777,benign,189
778,benign,284
779,benign,116
780,benign,76
781,benign,94
782,benign,99
783,benign,114
784,benign,165
785,benign,231
786,benign,91
787,benign,162
788,benign,78
789,benign,137
790,benign,165
791,benign,988
792,benign,75
793,benign,171
794,benign,130
795,benign,606
796,benign,96
797,benign,83
798,benign,88
799,benign,165
800,benign,3186
801,benign,185
802,benign,192
803,benign,3186
804,benign,118
805,benign,3186
806,benign,161
807,benign,110
808,benign,139
809,benign,77
810,benign,86
811,benign,201
812,benign,179
813,benign,277
814,benign,150
815,benign,3186
816,benign,129
817,benign,143
818,benign,4740
819,benign,159
820,benign,104
821,benign,99
822,benign,91
823,benign,207
824,benign,207
825,benign,193
826,benign,75
827,benign,173
828,benign,373
829,benign,110
830,benign,223
831,benign,203
832,benign,129
833,benign,270
834,benign,104
835,benign,2183
836,benign,1427
837,benign,160
838,benign,50
839,benign,510
840,benign,194
841,benign,154
842,benign,166
843,benign,3186
844,benign,182
845,benign,102
846,benign,233
847,benign,91
848,benign,87
849,benign,60
850,benign,110
851,benign,161
852,benign,63
853,benign,149
854,benign,101
855,benign,96
856,benign,84
857,benign,141
858,benign,155
859,benign,228
860,benign,339
861,benign,76
862,benign,115
863,benign,49
864,benign,86
865,benign,140
866,benign,3186
867,benign,76
868,benign,144
869,benign,3186
870,benign,144
871,benign,76
872,benign,113
873,benign,213
874,benign,82
875,benign,207
876,benign,142
877,benign,971
878,benign,111
879,benign,179
880,benign,548
881,benign,103
882,benign,146
883,benign,1392
884,benign,165
885,benign,162
886,benign,80
887,benign,114
888,benign,136
889,benign,154
890,benign,94
891,benign,120
892,benign,83
893,benign,180
894,benign,95
895,benign,3186
896,benign,98
897,benign,281
898,benign,410
899,benign,147
900,benign,55
901,benign,79
902,benign,202
903,benign,151
904,benign,95
905,benign,124
906,benign,333
907,benign,96
908,benign,75
909,benign,148
910,benign,300
911,benign,201
912,benign,75
913,benign,174
914,benign,126
915,benign,121
916,benign,144
917,benign,83
918,benign,178
919,benign,131
920,benign,185
921,benign,96
922,benign,217
923,benign,119
924,benign,92
925,benign,137
926,benign,75
927,benign,198
928,benign,82
929,benign,72
930,benign,94
931,benign,168
932,benign,316
933,benign,75
934,benign,126
935,benign,109
936,benign,188
937,benign,92
938,benign,56
939,benign,263
940,benign,155
941,benign,224
942,benign,179
943,benign,87
944,benign,76
945,benign,75
946,benign,145
947,benign,140
948,benign,94
949,benign,1134
950,benign,4054
951,benign,194
952,benign,105
953,benign,192
954,benign,84
955,benign,3186
956,benign,3220
957,benign,117
958,benign,167
959,benign,156
960,benign,163
961,benign,97
962,benign,144
963,benign,129
964,benign,366
965,benign,182
966,benign,191
967,benign,80
968,benign,121
969,benign,79
970,benign,74
971,benign,3186
972,benign,75
973,benign,159
974,benign,89
975,benign,93
976,benign,95
977,benign,126
978,benign,160
979,benign,98
980,benign,113
981,benign,82
982,benign,206
983,benign,86
984,benign,3186
985,benign,4078
986,benign,83
987,benign,120
988,benign,280
989,benign,83
990,benign,214
991,benign,158
992,benign,140
993,benign,114
994,benign,285
995,benign,185
996,benign,414
997,benign,182
998,benign,264
999,benign,235
